{"metadata":{"asset_id":"4a5c46c5-7bc5-4d8d-b00f-628cb46b1ec6","asset_attributes":["data_asset"],"name":"ba94c875-d2fe-442f-946f-f163141403a2_4372b97e-6e90-440f-bc40-9082ab557242_636972a2-aa6e-4f8b-99e7-91a8e55f3e40","asset_type":"data_asset","created_at":"2020-10-19T15:28:16Z","description":"","origin_country":"us","owner_id":"IBMid-5500092S93","project_id":"9036de64-4b8d-4875-8aff-21fc2ea4be91","size":4014,"tags":[],"usage":{"last_update_time":1603121298086,"last_updated_at":"2020-10-19T15:28:18Z"}},"entity":{"data_asset":{"mime_type":"application/octet-stream","dataset":false}},"attachments":[{"id":"a60c289a-72f7-49bf-a588-787187d3a604","version":2,"asset_type":"data_asset","name":"ba94c875-d2fe-442f-946f-f163141403a2/4372b97e-6e90-440f-bc40-9082ab557242/636972a2-aa6e-4f8b-99e7-91a8e55f3e40","mime":"application/octet-stream","datasource_type":"193a97c1-4475-4a19-b90c-295c4fdc6517","object_key":"ba94c875-d2fe-442f-946f-f163141403a2/4372b97e-6e90-440f-bc40-9082ab557242/636972a2-aa6e-4f8b-99e7-91a8e55f3e40","creator_id":"IBMid-5500092S93","create_time":1603121298086,"size":4014,"is_remote":false,"is_managed":false,"is_referenced":true,"is_object_key_read_only":true,"is_user_provided_path_key":true,"transfer_complete":true,"is_partitioned":false,"complete_time_ticks":1603121298086,"user_data":{},"test_doc":0,"handle":{"bucket":"machinelearningmodel-donotdelete-pr-89ih2in3f7jjam","location":"eu-geo","key":"ba94c875-d2fe-442f-946f-f163141403a2/4372b97e-6e90-440f-bc40-9082ab557242/636972a2-aa6e-4f8b-99e7-91a8e55f3e40","upload_id":"done","max_part_num":1},"usage":{"access_count":0,"last_accessor_id":"IBMid-5500092S93","last_access_time":1603121298086}}]}
