{"metadata":{"asset_id":"29cf1a5c-28a2-4104-a119-deb47e57ea5c","asset_attributes":["data_asset"],"name":"ba94c875-d2fe-442f-946f-f163141403a2_b93ddee7-20ed-4714-a13e-1f27ae41b7f9_63b55e25-16b3-47bf-8400-e08e77f25e53","asset_type":"data_asset","created_at":"2020-10-19T15:28:17Z","description":"","origin_country":"us","owner_id":"IBMid-5500092S93","project_id":"9036de64-4b8d-4875-8aff-21fc2ea4be91","size":4431,"tags":[],"usage":{"last_update_time":1603121299152,"last_updated_at":"2020-10-19T15:28:19Z"}},"entity":{"data_asset":{"mime_type":"application/octet-stream","dataset":false}},"attachments":[{"id":"8f3b61e9-d013-49f5-b433-7d019d2659be","version":2,"asset_type":"data_asset","name":"ba94c875-d2fe-442f-946f-f163141403a2/b93ddee7-20ed-4714-a13e-1f27ae41b7f9/63b55e25-16b3-47bf-8400-e08e77f25e53","mime":"application/octet-stream","datasource_type":"193a97c1-4475-4a19-b90c-295c4fdc6517","object_key":"ba94c875-d2fe-442f-946f-f163141403a2/b93ddee7-20ed-4714-a13e-1f27ae41b7f9/63b55e25-16b3-47bf-8400-e08e77f25e53","creator_id":"IBMid-5500092S93","create_time":1603121299152,"size":4431,"is_remote":false,"is_managed":false,"is_referenced":true,"is_object_key_read_only":true,"is_user_provided_path_key":true,"transfer_complete":true,"is_partitioned":false,"complete_time_ticks":1603121299152,"user_data":{},"test_doc":0,"handle":{"bucket":"machinelearningmodel-donotdelete-pr-89ih2in3f7jjam","location":"eu-geo","key":"ba94c875-d2fe-442f-946f-f163141403a2/b93ddee7-20ed-4714-a13e-1f27ae41b7f9/63b55e25-16b3-47bf-8400-e08e77f25e53","upload_id":"done","max_part_num":1},"usage":{"access_count":0,"last_accessor_id":"IBMid-5500092S93","last_access_time":1603121299152}}]}
