{"metadata":{"asset_id":"7d735df5-64c2-4518-9b51-d235f8bf6e29","asset_attributes":["data_asset"],"name":"ba94c875-d2fe-442f-946f-f163141403a2_4372b97e-6e90-440f-bc40-9082ab557242_ff65ddda-d1af-4b92-8bb4-e41718bf958f","asset_type":"data_asset","created_at":"2020-10-19T15:28:16Z","description":"","origin_country":"us","owner_id":"IBMid-5500092S93","project_id":"9036de64-4b8d-4875-8aff-21fc2ea4be91","size":1485,"tags":[],"usage":{"last_update_time":1603121298668,"last_updated_at":"2020-10-19T15:28:18Z"}},"entity":{"data_asset":{"mime_type":"application/octet-stream","dataset":false}},"attachments":[{"id":"7fe389da-011f-45dc-b791-da0225f4a891","version":2,"asset_type":"data_asset","name":"ba94c875-d2fe-442f-946f-f163141403a2/4372b97e-6e90-440f-bc40-9082ab557242/ff65ddda-d1af-4b92-8bb4-e41718bf958f","mime":"application/octet-stream","datasource_type":"193a97c1-4475-4a19-b90c-295c4fdc6517","object_key":"ba94c875-d2fe-442f-946f-f163141403a2/4372b97e-6e90-440f-bc40-9082ab557242/ff65ddda-d1af-4b92-8bb4-e41718bf958f","creator_id":"IBMid-5500092S93","create_time":1603121298667,"size":1485,"is_remote":false,"is_managed":false,"is_referenced":true,"is_object_key_read_only":true,"is_user_provided_path_key":true,"transfer_complete":true,"is_partitioned":false,"complete_time_ticks":1603121298667,"user_data":{},"test_doc":0,"handle":{"bucket":"machinelearningmodel-donotdelete-pr-89ih2in3f7jjam","location":"eu-geo","key":"ba94c875-d2fe-442f-946f-f163141403a2/4372b97e-6e90-440f-bc40-9082ab557242/ff65ddda-d1af-4b92-8bb4-e41718bf958f","upload_id":"done","max_part_num":1},"usage":{"access_count":0,"last_accessor_id":"IBMid-5500092S93","last_access_time":1603121298667}}]}
