{"metadata":{"asset_id":"3f220343-fb55-43b9-80f9-fc5254784bce","asset_attributes":["data_asset"],"name":"weather.csv","asset_type":"data_asset","created_at":"2020-10-18T09:24:10Z","description":"","origin_country":"us","owner_id":"IBMid-5500092S93","project_id":"9036de64-4b8d-4875-8aff-21fc2ea4be91","size":5270,"tags":[],"usage":{"last_update_time":1603013144430,"last_updated_at":"2020-10-18T09:25:44Z"}},"entity":{"data_asset":{"mime_type":"text/csv","dataset":false}},"attachments":[{"id":"8ee7e1c6-1c73-44ec-8844-1bd42f65e1e3","version":2,"asset_type":"data_asset","name":"weather.csv","mime":"text/csv","datasource_type":"193a97c1-4475-4a19-b90c-295c4fdc6517","object_key":"weather.csv","creator_id":"IBMid-5500092S93","create_time":1603013052009,"size":5270,"is_remote":false,"is_managed":false,"is_referenced":true,"is_object_key_read_only":true,"is_user_provided_path_key":true,"transfer_complete":true,"is_partitioned":false,"complete_time_ticks":1603013052009,"user_data":{},"test_doc":0,"handle":{"bucket":"machinelearningmodel-donotdelete-pr-89ih2in3f7jjam","location":"eu-geo","key":"weather.csv","upload_id":"done","max_part_num":1},"usage":{"access_count":1,"last_accessor_id":"IBMid-5500092S93","last_access_time":1603013144429,"last_updater_id":"IBMid-5500092S93","last_update_time":1603013144429}}]}
