{"metadata":{"asset_id":"243524a7-c365-447e-a46b-7d57576f9344","asset_attributes":["data_asset"],"name":"50_Startups.csv","asset_type":"data_asset","created_at":"2020-10-05T12:00:54Z","description":"","origin_country":"us","owner_id":"IBMid-5500092S93","project_id":"9036de64-4b8d-4875-8aff-21fc2ea4be91","size":2438,"tags":[],"usage":{"last_update_time":1601899256032,"last_updated_at":"2020-10-05T12:00:56Z"}},"entity":{"data_asset":{"mime_type":"text/csv","dataset":false}},"attachments":[{"id":"e959dc65-6d1d-46bb-9f41-2c82fd905b81","version":2,"asset_type":"data_asset","name":"50_Startups.csv","mime":"text/csv","datasource_type":"193a97c1-4475-4a19-b90c-295c4fdc6517","object_key":"50_Startups.csv","creator_id":"IBMid-5500092S93","create_time":1601899256031,"size":2438,"is_remote":false,"is_managed":false,"is_referenced":true,"is_object_key_read_only":true,"is_user_provided_path_key":true,"transfer_complete":true,"is_partitioned":false,"complete_time_ticks":1601899256031,"user_data":{},"test_doc":0,"handle":{"bucket":"machinelearningmodel-donotdelete-pr-89ih2in3f7jjam","location":"eu-geo","key":"50_Startups.csv","upload_id":"done","max_part_num":1},"usage":{"access_count":0,"last_accessor_id":"IBMid-5500092S93","last_access_time":1601899256031}}]}
