{"metadata":{"asset_id":"4050bcc7-1612-499c-a854-6998bfacc42d","asset_attributes":["data_asset"],"name":"ba94c875-d2fe-442f-946f-f163141403a2_b93ddee7-20ed-4714-a13e-1f27ae41b7f9_6b8064ac-997b-40ee-bac6-81cec10a9514","asset_type":"data_asset","created_at":"2020-10-19T15:28:17Z","description":"","origin_country":"us","owner_id":"IBMid-5500092S93","project_id":"9036de64-4b8d-4875-8aff-21fc2ea4be91","size":1512,"tags":[],"usage":{"last_update_time":1603121298979,"last_updated_at":"2020-10-19T15:28:18Z"}},"entity":{"data_asset":{"mime_type":"application/octet-stream","dataset":false}},"attachments":[{"id":"e8915280-2aa6-43d1-a3f1-3e04b132dd11","version":2,"asset_type":"data_asset","name":"ba94c875-d2fe-442f-946f-f163141403a2/b93ddee7-20ed-4714-a13e-1f27ae41b7f9/6b8064ac-997b-40ee-bac6-81cec10a9514","mime":"application/octet-stream","datasource_type":"193a97c1-4475-4a19-b90c-295c4fdc6517","object_key":"ba94c875-d2fe-442f-946f-f163141403a2/b93ddee7-20ed-4714-a13e-1f27ae41b7f9/6b8064ac-997b-40ee-bac6-81cec10a9514","creator_id":"IBMid-5500092S93","create_time":1603121298978,"size":1512,"is_remote":false,"is_managed":false,"is_referenced":true,"is_object_key_read_only":true,"is_user_provided_path_key":true,"transfer_complete":true,"is_partitioned":false,"complete_time_ticks":1603121298978,"user_data":{},"test_doc":0,"handle":{"bucket":"machinelearningmodel-donotdelete-pr-89ih2in3f7jjam","location":"eu-geo","key":"ba94c875-d2fe-442f-946f-f163141403a2/b93ddee7-20ed-4714-a13e-1f27ae41b7f9/6b8064ac-997b-40ee-bac6-81cec10a9514","upload_id":"done","max_part_num":1},"usage":{"access_count":0,"last_accessor_id":"IBMid-5500092S93","last_access_time":1603121298978}}]}
