{"metadata":{"asset_id":"4372b97e-6e90-440f-bc40-9082ab557242","asset_attributes":["wml_model"],"name":"Machine Learning Model - P8 RidgeEstimator","asset_type":"wml_model","created_at":"2020-10-09T14:58:54Z","description":"","origin_country":"us","owner_id":"IBMid-5500092S93","project_id":"9036de64-4b8d-4875-8aff-21fc2ea4be91","sandbox_id":"9036de64-4b8d-4875-8aff-21fc2ea4be91","size":5499,"tags":[],"usage":{"last_update_time":1602255540742,"last_updated_at":"2020-10-09T14:59:00Z"}},"entity":{"wml_model":{"hybrid_pipeline_software_specs":[{"base_id":"d139f196-e04b-5d8b-9140-9a10ca1fa91a","name":"autoai-kb_3.0-py3.6"}],"pipeline":{"id":"b4faea62-e107-4cba-99f4-655647724b0c"},"ml_version":"4.0.1","type":"wml-hybrid_0.1","schemas":{"input":[{"fields":[{"name":"R&D Spend","type":"double"},{"name":"Administration","type":"double"},{"name":"Marketing Spend","type":"double"},{"name":"State","type":"other"}],"id":"auto_ai_kb_input_schema"}],"output":[]},"content_location":{"connection":{"access_key_id":"943e6ad3b2524dbc868f35d55bb0d280","endpoint_url":"https://s3.eu-geo.objectstorage.softlayer.net","secret_access_key":"a2ba129477f1a27a6eaae8a9cbab3311aaf62057777f2b4b","accessKeyId":"943e6ad3b2524dbc868f35d55bb0d280"},"contents":[{"content_format":"native","file_name":"pipeline_model.json","location":"auto_ml/c70bf87b-ed53-48c8-9f69-ac8535839709/wml_data/9a481525-75aa-487d-9cc8-d14d64ed3e1c/assets/9a481525-75aa-487d-9cc8-d14d64ed3e1c_P8_hpo_c_output/resources/wml_model/pipeline_model.json"},{"content_format":"pipeline-node","file_name":"P8_automl.zip","location":"auto_ml/c70bf87b-ed53-48c8-9f69-ac8535839709/wml_data/9a481525-75aa-487d-9cc8-d14d64ed3e1c/assets/9a481525-75aa-487d-9cc8-d14d64ed3e1c_P8_hpo_c_output/resources/wml_model/P8_automl.zip","pipeline_node_id":"automl"}],"location":{"path":"auto_ml/c70bf87b-ed53-48c8-9f69-ac8535839709/wml_data","training":"auto_ml/c70bf87b-ed53-48c8-9f69-ac8535839709/wml_data/9a481525-75aa-487d-9cc8-d14d64ed3e1c","training_status":"auto_ml/c70bf87b-ed53-48c8-9f69-ac8535839709/wml_data/9a481525-75aa-487d-9cc8-d14d64ed3e1c/training-status.json","bucket":"machinelearningmodel-donotdelete-pr-89ih2in3f7jjam","type":"s3","assets_path":"auto_ml/c70bf87b-ed53-48c8-9f69-ac8535839709/wml_data/9a481525-75aa-487d-9cc8-d14d64ed3e1c/assets"},"type":"s3"},"training_data_references":[{"connection":{"endpoint_url":"https://s3.eu-geo.objectstorage.softlayer.net","auth_endpoint":"https://iam.bluemix.net/oidc/token/","api_key":"Za7vJ5QguSqloxf43_R0-C6V9zRwWOx2WE6HOhViiOgT","secret_access_key":"a2ba129477f1a27a6eaae8a9cbab3311aaf62057777f2b4b","access_key_id":"943e6ad3b2524dbc868f35d55bb0d280","service_instance_id":"iam-ServiceId-779db9fc-3a41-4fe1-9299-1970cfa4fd41"},"location":{"bucket":"machinelearningmodel-donotdelete-pr-89ih2in3f7jjam","path":"50_Startups.csv","type":"s3"},"type":"s3"}],"software_spec":{"base_id":"8c1a58c6-62b5-4dc4-987a-df751c2756b6","name":"hybrid_0.1"},"content_import_state":"completed"}},"attachments":[{"id":"ff65ddda-d1af-4b92-8bb4-e41718bf958f","version":2,"asset_type":"wml_model","name":"pipeline_model.json","datasource_type":"193a97c1-4475-4a19-b90c-295c4fdc6517","creator_id":"IBMid-5500092S93","create_time":1602255535913,"size":1485,"is_remote":false,"is_managed":true,"is_referenced":false,"is_object_key_read_only":false,"is_user_provided_path_key":false,"transfer_complete":true,"is_partitioned":false,"complete_time_ticks":1602255537315,"user_data":{"content_format":"native"},"test_doc":0,"handle":{"bucket":"machinelearningmodel-donotdelete-pr-89ih2in3f7jjam","location":"eu-geo","type":"bluemix_cos","key":"ba94c875-d2fe-442f-946f-f163141403a2/4372b97e-6e90-440f-bc40-9082ab557242/ff65ddda-d1af-4b92-8bb4-e41718bf958f","upload_id":"done","max_part_num":1},"usage":{"access_count":0,"last_accessor_id":"IBMid-5500092S93","last_access_time":1602255535913}},{"id":"636972a2-aa6e-4f8b-99e7-91a8e55f3e40","version":2,"asset_type":"wml_model","name":"P8_automl.zip","datasource_type":"193a97c1-4475-4a19-b90c-295c4fdc6517","creator_id":"IBMid-5500092S93","create_time":1602255538829,"size":4014,"is_remote":false,"is_managed":true,"is_referenced":false,"is_object_key_read_only":false,"is_user_provided_path_key":false,"transfer_complete":true,"is_partitioned":false,"complete_time_ticks":1602255540515,"user_data":{"content_format":"pipeline-node","pipeline_node_id":"automl"},"test_doc":0,"handle":{"bucket":"machinelearningmodel-donotdelete-pr-89ih2in3f7jjam","location":"eu-geo","type":"bluemix_cos","key":"ba94c875-d2fe-442f-946f-f163141403a2/4372b97e-6e90-440f-bc40-9082ab557242/636972a2-aa6e-4f8b-99e7-91a8e55f3e40","upload_id":"done","max_part_num":1},"usage":{"access_count":0,"last_accessor_id":"IBMid-5500092S93","last_access_time":1602255538829}}]}
