{"metadata":{"asset_id":"b93ddee7-20ed-4714-a13e-1f27ae41b7f9","asset_attributes":["wml_model"],"name":"IoT-Crop Analyzer - P7 DecisionTreeClassifierEstimator","asset_type":"wml_model","created_at":"2020-10-18T09:33:17Z","description":"","origin_country":"us","owner_id":"IBMid-5500092S93","project_id":"9036de64-4b8d-4875-8aff-21fc2ea4be91","sandbox_id":"9036de64-4b8d-4875-8aff-21fc2ea4be91","size":5943,"tags":[],"usage":{"last_update_time":1603013604835,"last_updated_at":"2020-10-18T09:33:24Z"}},"entity":{"wml_model":{"hybrid_pipeline_software_specs":[{"base_id":"632d4b22-10aa-5180-88f0-f52dfb6444d7","name":"autoai-kb_3.1-py3.7"}],"pipeline":{"id":"c7e4c43f-7d85-4995-906b-c24f4cda7ff4"},"ml_version":"4.0.1","type":"wml-hybrid_0.1","schemas":{"input":[{"fields":[{"name":"Tmax","type":"double"},{"name":"Tmin","type":"double"},{"name":"Rhum","type":"double"},{"name":"Rainfall","type":"double"},{"name":"Windspeed","type":"integer"}],"id":"auto_ai_kb_input_schema"}],"output":[]},"content_location":{"connection":{"access_key_id":"943e6ad3b2524dbc868f35d55bb0d280","endpoint_url":"https://s3.eu-geo.objectstorage.softlayer.net","secret_access_key":"a2ba129477f1a27a6eaae8a9cbab3311aaf62057777f2b4b","accessKeyId":"943e6ad3b2524dbc868f35d55bb0d280"},"contents":[{"content_format":"native","file_name":"pipeline_model.json","location":"auto_ml/34bb80c0-96ce-451e-af7e-39ed3d71c82a/wml_data/f8269fb1-bb66-41f4-a396-e517dce99240/assets/f8269fb1-bb66-41f4-a396-e517dce99240_P7_cognito_output/resources/wml_model/pipeline_model.json"},{"content_format":"pipeline-node","file_name":"P7_automl.zip","location":"auto_ml/34bb80c0-96ce-451e-af7e-39ed3d71c82a/wml_data/f8269fb1-bb66-41f4-a396-e517dce99240/assets/f8269fb1-bb66-41f4-a396-e517dce99240_P7_cognito_output/resources/wml_model/P7_automl.zip","pipeline_node_id":"automl"},{"content_format":"native","file_name":"pipeline_model.json","location":"auto_ml/34bb80c0-96ce-451e-af7e-39ed3d71c82a/wml_data/f8269fb1-bb66-41f4-a396-e517dce99240/assets/f8269fb1-bb66-41f4-a396-e517dce99240_P7_cognito_output/resources/wml_model/pipeline_model.json"}],"location":{"path":"auto_ml/34bb80c0-96ce-451e-af7e-39ed3d71c82a/wml_data","training":"auto_ml/34bb80c0-96ce-451e-af7e-39ed3d71c82a/wml_data/f8269fb1-bb66-41f4-a396-e517dce99240","training_status":"auto_ml/34bb80c0-96ce-451e-af7e-39ed3d71c82a/wml_data/f8269fb1-bb66-41f4-a396-e517dce99240/training-status.json","bucket":"machinelearningmodel-donotdelete-pr-89ih2in3f7jjam","type":"s3","assets_path":"auto_ml/34bb80c0-96ce-451e-af7e-39ed3d71c82a/wml_data/f8269fb1-bb66-41f4-a396-e517dce99240/assets"},"type":"s3"},"training_data_references":[{"connection":{"endpoint_url":"https://s3.eu-geo.objectstorage.softlayer.net","auth_endpoint":"https://iam.bluemix.net/oidc/token/","api_key":"Za7vJ5QguSqloxf43_R0-C6V9zRwWOx2WE6HOhViiOgT","secret_access_key":"a2ba129477f1a27a6eaae8a9cbab3311aaf62057777f2b4b","access_key_id":"943e6ad3b2524dbc868f35d55bb0d280","service_instance_id":"iam-ServiceId-779db9fc-3a41-4fe1-9299-1970cfa4fd41"},"location":{"bucket":"machinelearningmodel-donotdelete-pr-89ih2in3f7jjam","path":"weather.csv","type":"s3"},"type":"s3"}],"software_spec":{"base_id":"8c1a58c6-62b5-4dc4-987a-df751c2756b6","name":"hybrid_0.1"},"content_import_state":"completed"}},"attachments":[{"id":"63b55e25-16b3-47bf-8400-e08e77f25e53","version":2,"asset_type":"wml_model","name":"P7_automl.zip","datasource_type":"193a97c1-4475-4a19-b90c-295c4fdc6517","creator_id":"IBMid-5500092S93","create_time":1603013600553,"size":4431,"is_remote":false,"is_managed":true,"is_referenced":false,"is_object_key_read_only":false,"is_user_provided_path_key":false,"transfer_complete":true,"is_partitioned":false,"complete_time_ticks":1603013601745,"user_data":{"content_format":"pipeline-node","pipeline_node_id":"automl"},"test_doc":0,"handle":{"bucket":"machinelearningmodel-donotdelete-pr-89ih2in3f7jjam","location":"eu-geo","type":"bluemix_cos","key":"ba94c875-d2fe-442f-946f-f163141403a2/b93ddee7-20ed-4714-a13e-1f27ae41b7f9/63b55e25-16b3-47bf-8400-e08e77f25e53","upload_id":"done","max_part_num":1},"usage":{"access_count":0,"last_accessor_id":"IBMid-5500092S93","last_access_time":1603013600553}},{"id":"6b8064ac-997b-40ee-bac6-81cec10a9514","version":2,"asset_type":"wml_model","name":"pipeline_model.json","datasource_type":"193a97c1-4475-4a19-b90c-295c4fdc6517","creator_id":"IBMid-5500092S93","create_time":1603013603362,"size":1512,"is_remote":false,"is_managed":true,"is_referenced":false,"is_object_key_read_only":false,"is_user_provided_path_key":false,"transfer_complete":true,"is_partitioned":false,"complete_time_ticks":1603013604602,"user_data":{"content_format":"native"},"test_doc":0,"handle":{"bucket":"machinelearningmodel-donotdelete-pr-89ih2in3f7jjam","location":"eu-geo","type":"bluemix_cos","key":"ba94c875-d2fe-442f-946f-f163141403a2/b93ddee7-20ed-4714-a13e-1f27ae41b7f9/6b8064ac-997b-40ee-bac6-81cec10a9514","upload_id":"done","max_part_num":1},"usage":{"access_count":0,"last_accessor_id":"IBMid-5500092S93","last_access_time":1603013603362}}]}
