{"metadata":{"asset_id":"c7e4c43f-7d85-4995-906b-c24f4cda7ff4","asset_attributes":["wml_pipeline"],"name":"IoT-Crop Analyzer","asset_type":"wml_pipeline","created_at":"2020-10-18T09:26:59Z","description":"","origin_country":"us","owner_id":"IBMid-5500092S93","project_id":"9036de64-4b8d-4875-8aff-21fc2ea4be91","sandbox_id":"9036de64-4b8d-4875-8aff-21fc2ea4be91","size":0,"tags":["dsx-project.9036de64-4b8d-4875-8aff-21fc2ea4be91"],"usage":{"last_update_time":1603013219474,"last_updated_at":"2020-10-18T09:26:59Z"}},"entity":{"wml_pipeline":{"document":{"doc_type":"pipeline","pipelines":[{"id":"autoai","nodes":[{"id":"automl","op":"kube","parameters":{"input_file_separator":",","optimization":{"compute_pipeline_notebooks_flag":true,"daub_adaptive_subsampling_max_mem_usage":15000000000,"holdout_param":0.1,"label":"Significance ","learning_type":"classification","max_num_daub_ensembles":2,"positive_label":1,"run_cognito_flag":true,"scorer_for_ranking":"accuracy"},"output_logs":true,"stage_flag":true},"runtime_ref":"autoai","type":"execution_node"}],"runtime_ref":"hybrid"}],"primary_pipeline":"autoai","runtimes":[{"app_data":{"wml_data":{"hardware_spec":{"base_id":"a6c4923b-b8e4-444c-9f43-8a7ec3020110","name":"L"}}},"id":"autoai","name":"auto_ai.kb"}],"version":"2.0"},"ml_version":"4.0.0"}}}
